feature,score
Campus Visit Indicator?,65.61840684974423
Level of Financial Need,22.84334010115095
Reader Academic Rating,4.7459529925475135
GPA,4.713122070403389
Scholarship,2.0791779861538893
