feature,score
Campus Visit Indicator?,82.38958875518257
GPA,8.986236130800975
Level of Financial Need,6.4224824862744025
Scholarship,1.200164793303733
HS Class Size,1.001527834438312
