feature,score
Campus Visit Indicator?,74.96203564103132
Level of Financial Need,14.458319756243355
Reader Academic Rating,7.1831333903325465
Scholarship,2.3589752286186494
GPA,1.0375359837741105
