feature,score
Campus Visit Indicator?,65.1909905376831
Level of Financial Need,18.866353908617775
Reader Academic Rating,12.164386156425074
GPA,3.778269397274049
