feature,score
Campus Visit Indicator?,72.2607243675719
Level of Financial Need,17.429413445253502
Reader Academic Rating,6.2318606984128975
GPA,3.415878072234303
Financial Aid Intent,0.6621234165274013
